{"name":"03f3e80a-857f-4fef-97f6-da522039766f","id":"/providers/Microsoft.Flow/flows/03f3e80a-857f-4fef-97f6-da522039766f","type":"Microsoft.Flow/flows","properties":{"apiId":"/providers/Microsoft.PowerApps/apis/shared_logicflows","displayName":"Manage Microsoft Teams settings using Microsoft Graph API","definition":{"metadata":{"workflowEntityId":null,"processAdvisorMetadata":null,"flowclientsuspensionreason":"None","flowclientsuspensiontime":null,"flowclientsuspensionreasondetails":null,"creator":{"id":"0def2223-4150-46ad-b0fb-2603f88b13ab","type":"User","tenantId":"a300b38b-6acb-43db-b02a-af94b4300d87"},"provisioningMethod":"FromDefinition","failureAlertSubscription":true,"clientLastModifiedTime":"2023-01-19T10:35:33.7663775Z"},"$schema":"https://schema.management.azure.com/providers/Microsoft.Logic/schemas/2016-06-01/workflowdefinition.json#","contentVersion":"1.0.0.0","parameters":{"$connections":{"defaultValue":{},"type":"Object"},"$authentication":{"defaultValue":{},"type":"SecureObject"}},"triggers":{"manual":{"metadata":{"operationMetadataId":"202df387-ac3d-4084-a101-c3979a06ac60"},"type":"Request","kind":"Http","inputs":{"schema":{"type":"object","properties":{"teamsId":{"type":"string"},"isMembershipLimitedToOwners":{"type":"boolean"},"isArchived":{"type":"boolean"},"memberSettings":{"type":"object","properties":{"allowCreateUpdateChannels":{"type":"boolean"},"allowDeleteChannels":{"type":"boolean"},"allowAddRemoveApps":{"type":"boolean"},"allowCreateUpdateRemoveTabs":{"type":"boolean"},"allowCreateUpdateRemoveConnectors":{"type":"boolean"}}},"guestSettings":{"type":"object","properties":{"allowCreateUpdateChannels":{"type":"boolean"},"allowDeleteChannels":{"type":"boolean"}}},"messagingSettings":{"type":"object","properties":{"allowUserEditMessages":{"type":"boolean"},"allowUserDeleteMessages":{"type":"boolean"},"allowCreateUpdateChannels":{"type":"boolean"},"allowDeleteChannels":{"type":"boolean"},"allowAddRemoveApps":{"type":"boolean"},"allowCreateUpdateRemoveTabs":{"type":"boolean"},"allowCreateUpdateRemoveConnectors":{"type":"boolean"}}},"funSettings":{"type":"object","properties":{"allowGiphy":{"type":"boolean"},"giphyContentRating":{"type":"string"},"allowStickersAndMemes":{"type":"boolean"},"allowCustomMemes":{"type":"boolean"}}},"discoverySettings":{"type":"object","properties":{"showInTeamsSearchAndSuggestions":{"type":"boolean"}}}}}}}},"actions":{"Initialize_variable_Application_(client)_ID":{"runAfter":{},"metadata":{"operationMetadataId":"be882c3f-62e0-4967-b774-15333efe646f"},"type":"InitializeVariable","inputs":{"variables":[{"name":"application_id","type":"string","value":"2683aacb-4634-4d61-858a-15f379a57372"}]}},"Initialize_variable_Directory_(tenant)_ID":{"runAfter":{"Initialize_variable_Application_(client)_ID":["Succeeded"]},"metadata":{"operationMetadataId":"93c03f78-bbbd-45e9-a3ca-017234b23810"},"type":"InitializeVariable","inputs":{"variables":[{"name":"directory_id","type":"string","value":"a300b38b-6acb-43db-b02a-af94b4300d87"}]}},"Initialize_variable_Client_Secret_value":{"runAfter":{"Initialize_variable_Directory_(tenant)_ID":["Succeeded"]},"metadata":{"operationMetadataId":"621a3a2f-9aa0-4961-a2de-f12dc761f63f"},"type":"InitializeVariable","inputs":{"variables":[{"name":"client_secret","type":"string","value":"a1i8Q~l~v_skProhKvBSFh5lpQCWK-AQzcbUscpd"}]}},"Send_confirmation_to_e-mail":{"runAfter":{"Update_Teams_settings_-_HTTP_Patch_Request":["Succeeded"]},"metadata":{"operationMetadataId":"be1eacd1-b9d5-4a11-8e7c-5715e83dc5eb"},"type":"OpenApiConnection","inputs":{"host":{"apiId":"/providers/Microsoft.PowerApps/apis/shared_office365","connectionName":"shared_office365","operationId":"SendEmailV2"},"parameters":{"emailMessage/To":"remsey@skills4-it.nl","emailMessage/Subject":"Microsoft Graph API response","emailMessage/Body":"<p>De Microsoft Teams settings zijn aangepast.</p>","emailMessage/Importance":"Normal"},"authentication":"@parameters('$authentication')"}},"Update_Teams_settings_-_HTTP_Patch_Request":{"runAfter":{"Initialize_variable_Client_Secret_value":["Succeeded"]},"metadata":{"operationMetadataId":"1d30f7fc-2e69-4708-9a7e-560f36727d90"},"type":"Http","inputs":{"method":"PATCH","uri":"https://graph.microsoft.com/v1.0/teams/@{triggerBody()?['teamsId']}/","body":{"isMembershipLimitedToOwners":"@triggerBody()?['isMembershipLimitedToOwners']","memberSettings":{"allowCreateUpdateChannels":"@triggerBody()?['memberSettings']?['allowCreateUpdateChannels']","allowDeleteChannels":"@triggerBody()?['memberSettings']?['allowDeleteChannels']","allowAddRemoveApps":"@triggerBody()?['memberSettings']?['allowAddRemoveApps']","allowCreateUpdateRemoveTabs":"@triggerBody()?['memberSettings']?['allowCreateUpdateRemoveTabs']","allowCreateUpdateRemoveConnectors":"@triggerBody()?['memberSettings']?['allowCreateUpdateRemoveConnectors']"},"guestSettings":{"allowCreateUpdateChannels":"@triggerBody()?['memberSettings']?['allowCreateUpdateChannels']","allowDeleteChannels":"@triggerBody()?['memberSettings']?['allowDeleteChannels']"},"messagingSettings":{"allowUserEditMessages":"@triggerBody()?['messagingSettings']?['allowUserEditMessages']","allowUserDeleteMessages":"@triggerBody()?['messagingSettings']?['allowUserDeleteMessages']","allowCreateUpdateChannels":"@triggerBody()?['memberSettings']?['allowCreateUpdateChannels']","allowDeleteChannels":"@triggerBody()?['memberSettings']?['allowDeleteChannels']","allowAddRemoveApps":"@triggerBody()?['memberSettings']?['allowAddRemoveApps']","allowCreateUpdateRemoveTabs":"@triggerBody()?['memberSettings']?['allowCreateUpdateRemoveTabs']","allowCreateUpdateRemoveConnectors":"@triggerBody()?['memberSettings']?['allowCreateUpdateRemoveConnectors']"},"funSettings":{"allowGiphy":"@triggerBody()?['funSettings']?['allowGiphy']","giphyContentRating":"@{triggerBody()?['funSettings']?['giphyContentRating']}","allowStickersAndMemes":"@triggerBody()?['funSettings']?['allowStickersAndMemes']","allowCustomMemes":"@triggerBody()?['funSettings']?['allowCustomMemes']"},"discoverySettings":{"showInTeamsSearchAndSuggestions":"@triggerBody()?['discoverySettings']?['showInTeamsSearchAndSuggestions']"}},"authentication":{"type":"ActiveDirectoryOAuth","authority":"https://login.windows.net","tenant":"@variables('directory_id')","audience":"https://graph.microsoft.com","clientId":"@variables('application_id')","secret":"@variables('client_secret')"}}}},"outputs":{}},"connectionReferences":{"shared_office365":{"connectionName":"shared-office365-4e05b74b-2748-4856-b8d3-11c1-c31dd676","source":"Embedded","id":"/providers/Microsoft.PowerApps/apis/shared_office365","tier":"NotSpecified"}},"flowFailureAlertSubscribed":false,"isManaged":false}}